id,created_at,text,favorite_count,retweet_count
1198020413261000704,Fri Nov 22 23:28:19 +0000 2019,"2019 NBA Playoffs: How Is Kawhi Leonard Similar to Michael Jordan, Kobe¬†Bryant? https://t.co/55ebpwbg67",0,0
1198020257006288896,Fri Nov 22 23:27:42 +0000 2019,"RT @urkle9: Kobe Bryant was a better basketball player than LeBron James. He had no weaknesses. LeBron does. It‚Äôs really that simple. 

Kob‚Ä¶",0,5
1198018713644982272,Fri Nov 22 23:21:34 +0000 2019,"Do not approach me if you are a fan of:
- Kobe 
- D Rose
- Brady 
- Paul Pierce
- Josh Allen (the QB)
- Cody Bellin‚Ä¶ https://t.co/SjFzCeB3tT",0,0
1198017647809458176,Fri Nov 22 23:17:19 +0000 2019,Another reminder to all of you that Kobe Bryant won an NBA Championship with a broken index finger on his shooting‚Ä¶ https://t.co/NoUqOiVtbV,0,0
1198013161942577153,Fri Nov 22 22:59:30 +0000 2019,@TheKingOfAlb @yrutalkintome @LMH_61618 @TheHoopCentral @HistoryJumpman Every nba player ‚ÄúKobe top 5‚Äù you everyone don‚Äôt got him I‚Äôm dead,0,0
1198012543425482752,Fri Nov 22 22:57:03 +0000 2019,"RT @LakersReporter: Last week, Frank Vogel called @ACFresh21 a ‚Äúspecial‚Äù defensive player. Caruso is currently posting a riduclous 94.7 def‚Ä¶",0,296
1198012457530335232,Fri Nov 22 22:56:42 +0000 2019,"RT @LakersReporter: LeBron James ranks 2nd in the NBA in overall +/- (minimum 10 games played), at 10.4. Danny Green is 15th, Dwight Howard‚Ä¶",0,268
1198012110598557701,Fri Nov 22 22:55:19 +0000 2019,"RT @NBA: Defense. Playmaking. Scoring. 

@Yg_Trece's offense in #NBABreakdown before the @LAClippers host HOU at 10:30pm/et on ESPN! https:‚Ä¶",0,83
1198009971578986497,Fri Nov 22 22:46:49 +0000 2019,RT @ChrisBHaynes: Yahoo Sports Exclusive: Carmelo Anthony defends Jared Dudley for criticism he received for having an NBA roster spot befo‚Ä¶,0,161
1198009492555943936,Fri Nov 22 22:44:55 +0000 2019,"RT @TommyBeer: Per @bball_ref:

Most triple-doubles through team's first 14 games of any NBA season:

Oscar Robertson(1961‚Äë62): 11
Luka Don‚Ä¶",0,5
1198009450919018496,Fri Nov 22 22:44:45 +0000 2019,"RT @DimeUPROXX: Anthony Davis is learning just how selfless LeBron James is on the basketball court üíØ

Read our full interview with AD here‚Ä¶",0,18
1198009335026196480,Fri Nov 22 22:44:18 +0000 2019,"RT @urkle9: Kobe Bryant was a better basketball player than LeBron James. He had no weaknesses. LeBron does. It‚Äôs really that simple. 

Kob‚Ä¶",0,5
1198009010642927617,Fri Nov 22 22:43:00 +0000 2019,RT @NBAFRANCE: üëë LeBron James x Kobe Bryant üêç https://t.co/1CRD49FG4k,0,1475
1198007424059183105,Fri Nov 22 22:36:42 +0000 2019,"RT @BenStinar: This is the (if 100% healthy) top 5 players in the world: 

1.) Steph Curry 
2.) Kevin Durant 
3.) Kawhi Leonard  
4.) LeBro‚Ä¶",0,59
1198005135055687681,Fri Nov 22 22:27:36 +0000 2019,"@jhampvert @DubQuoted @NBA @JHarden13 @HoustonRockets KD, Allen Iverson, MJ, LBJ, Kobe",0,0
1198004826883416064,Fri Nov 22 22:26:23 +0000 2019,"RT @urkle9: Kobe Bryant was a better basketball player than LeBron James. He had no weaknesses. LeBron does. It‚Äôs really that simple. 

Kob‚Ä¶",0,5
1198004455238782976,Fri Nov 22 22:24:54 +0000 2019,RT @Socoolie: Redemption #mailday Kobe Bryant On Card Auto from @PaniniAmerica Select Basketball /49! Such a sick card and I pulled it from‚Ä¶,0,2
1198003707998113792,Fri Nov 22 22:21:56 +0000 2019,Kobe Bryant was a better basketball player than LeBron James. He had no weaknesses. LeBron does. It‚Äôs really that s‚Ä¶ https://t.co/EOipnwFWyF,6,5
1198003673454055425,Fri Nov 22 22:21:48 +0000 2019,Hands down the best scorer the league has seen since Kobe. https://t.co/PKTG4RdwND,0,0
1198002179526811650,Fri Nov 22 22:15:52 +0000 2019,"@JesseGladsaget @ZachLowe_NBA Pop‚Äôs coaching reminds of Kobe and Wade‚Äôs play during their retirement season, only P‚Ä¶ https://t.co/Qg9QqjFQIB",0,0
1198001377177419778,Fri Nov 22 22:12:40 +0000 2019,"@ContentNBA Game 7 of the 2010 NBA Finals.

Lakers 83, Celtics 79.

Kobe gets a key ""steal"" in which he *never touc‚Ä¶ https://t.co/QwIOEAxXaR",1,0
1197996706584875009,Fri Nov 22 21:54:07 +0000 2019,Jordan Kareem/magic bird Kobe Shaq tim Duncan Lebron. My NBA all time list.,1,0
1197994737850036224,Fri Nov 22 21:46:17 +0000 2019,"Hot damn @grant.psd! This would be one insane squad!! How many wins would this Lakers squad nab in a season?
...‚Ä¶ https://t.co/zgd6x2EWf5",0,0
1197992950095065088,Fri Nov 22 21:39:11 +0000 2019,RT @Mamba_Insider: NBA Players on Kobe Bryant üêê https://t.co/sS4xVHVUh3,0,2993
1197992180750663681,Fri Nov 22 21:36:08 +0000 2019,"RT @LakeShowCP: Lou William's Mamba mentality, from Kobe Bryant himself üòÆ

#Lakers #NBA #NBATwitter https://t.co/Ic8HVND74q",0,21
1197988209092964354,Fri Nov 22 21:20:21 +0000 2019,"RT @OnlyInBOS: ""I told the higher-ups that the kid was a tremendous talent...but he probably wouldn't be ready to contribute to an NBA team‚Ä¶",0,2
1197987824382992384,Fri Nov 22 21:18:49 +0000 2019,@NotCantOrWont @Realballersno @mbken84 @AndrewDBailey We all know analytics are a SYSTEMATIC form of OPPRESSION aga‚Ä¶ https://t.co/kmsK25vAfw,0,0
1197986207222730752,Fri Nov 22 21:12:23 +0000 2019,RT @BrandonSunLee: Stop with the NBA GOAT debates. I believe we should go by GOATs/era. MJ GOAT of the 80‚Äôs - 90‚Äôs. Kobe GOAT of the 00‚Äôs t‚Ä¶,0,1
1197986152843763718,Fri Nov 22 21:12:11 +0000 2019,"RT @MicahAdams13: Luka Doncic is 86 games into his NBA career.

Only 9 players in NBA history have more career 35-point triple-doubles than‚Ä¶",0,14
1197986053266784256,Fri Nov 22 21:11:47 +0000 2019,"RT @itsNBATalk: ‚ÄúMJ only Played against Plumbers‚Äù

Shaq
Hakeem
Magic 
Bird
Isaiah Thomas
Dominque
Joe Dumars
James Worthy
Kevin Mchale
Drex‚Ä¶",0,2
1197985947935289345,Fri Nov 22 21:11:22 +0000 2019,RT @NBAFRANCE: üëë LeBron James x Kobe Bryant üêç https://t.co/1CRD49FG4k,0,1475
1197985427795263488,Fri Nov 22 21:09:18 +0000 2019,Check out #Nike #Kobe 10 X Men's Size 16.5 Team Basketball TB Orange Blaze 813030-802 NBA #Nike https://t.co/FwADY3h1HV via @eBay,0,0
1197985175428308992,Fri Nov 22 21:08:17 +0000 2019,"RT @OnlyInBOS: ""I told the higher-ups that the kid was a tremendous talent...but he probably wouldn't be ready to contribute to an NBA team‚Ä¶",0,2
1197984365667635200,Fri Nov 22 21:05:04 +0000 2019,"RT @itsNBATalk: ‚ÄúMJ only Played against Plumbers‚Äù

Shaq
Hakeem
Magic 
Bird
Isaiah Thomas
Dominque
Joe Dumars
James Worthy
Kevin Mchale
Drex‚Ä¶",0,2
1197983091110875143,Fri Nov 22 21:00:01 +0000 2019,"""I told the higher-ups that the kid was a tremendous talent...but he probably wouldn't be ready to contribute to an‚Ä¶ https://t.co/hMPPKuG1ru",8,2
1197982495527956481,Fri Nov 22 20:57:39 +0000 2019,"@LakersTalkESPN Haha nah bro, big game James is before my time. I grew up with the shaq and Kobe era. But I‚Äôm talking about @KingJames.",0,0
1197982449764052993,Fri Nov 22 20:57:28 +0000 2019,Kobe Scored the Most points in a nba game,0,0
1197982035446398976,Fri Nov 22 20:55:49 +0000 2019,"RT @LATACO: ""It‚Äôs not just that LeBron and Davis (and Caruso!) are the most exciting duo to dominate the Lakers‚Äôs board since Shaq and Kobe‚Ä¶",0,2
1197980656388624384,Fri Nov 22 20:50:20 +0000 2019,LeBron James dazzles Kobe Bryant in Lakers‚Äô blowout of Atlanta Hawks https://t.co/7NokEcFhIm,0,0
1197980239252426752,Fri Nov 22 20:48:41 +0000 2019,"Back in NBA 03 I believe, when they didn‚Äôt add salary caps or nothing in the games in season modes I finessed a way‚Ä¶ https://t.co/yUiN3Pjgl5",0,0
1197979439293857792,Fri Nov 22 20:45:30 +0000 2019,"RT @LakeShowCP: Lou William's Mamba mentality, from Kobe Bryant himself üòÆ

#Lakers #NBA #NBATwitter https://t.co/Ic8HVND74q",0,21
1197979093356163073,Fri Nov 22 20:44:07 +0000 2019,.@RicBucher &amp; @TheRyanHollins explore what the dap between LeBron and Kobe signifies; and is the whole load managem‚Ä¶ https://t.co/tJhvvPZRWq,1,0
1197977988161126400,Fri Nov 22 20:39:44 +0000 2019,RT @Mamba_Insider: NBA Players on Kobe Bryant üêê https://t.co/sS4xVHVUh3,0,2993
1197976952742789126,Fri Nov 22 20:35:37 +0000 2019,@Lakesho15903111 @DevontaeD28 @Don_Melly You do realize the Lakers lost the NBA Finals in 2008 don‚Äôt you? In game 6 Kobe shot 31%.,0,0
1197975804300251136,Fri Nov 22 20:31:03 +0000 2019,"RT @CloseUp360: He's worked with Kobe and LeBron, Kyrie and Kawhi. He's played all over the world and won two NBA titles as a coach in his‚Ä¶",0,3
1197975261267947520,Fri Nov 22 20:28:54 +0000 2019,RT @TheLakersReview: ‚ÄúThe Lakers wanted to give Phil a seat on the front of the bench as an assistant coach. But before he accepted the Lak‚Ä¶,0,80
1197975046008049669,Fri Nov 22 20:28:02 +0000 2019,"‚ÄúMJ only Played against Plumbers‚Äù

Shaq
Hakeem
Magic 
Bird
Isaiah Thomas
Dominque
Joe Dumars
James Worthy
Kevin Mch‚Ä¶ https://t.co/FwU1Ks1T7h",9,2
1197974020349554688,Fri Nov 22 20:23:58 +0000 2019,"""It‚Äôs not just that LeBron and Davis (and Caruso!) are the most exciting duo to dominate the Lakers‚Äôs board since S‚Ä¶ https://t.co/xsUxkaxd0I",20,2
1197972785114632195,Fri Nov 22 20:19:03 +0000 2019,@PointJustise @demorizi_eudy @SeannPhilly @HudsonConners @NBA @spurs @sixers @HoustonRockets @LAClippers Wade would‚Ä¶ https://t.co/ZWsTwbU7AW,0,0
1197970567745421313,Fri Nov 22 20:10:15 +0000 2019,Kobe Bryant is the best player to ever play on a NBA court,0,0
1197970137418043392,Fri Nov 22 20:08:32 +0000 2019,"NBA Legend Kobe Bryant's Daughter Imitates Him Perfectly, ‚ÄúMambacita‚Äù! - 2paragraphs Buzz https://t.co/WkfSvkdu0A",0,0
1197969250918576129,Fri Nov 22 20:05:01 +0000 2019,"RT @BecomeAthletics: 5-time NBA champion, Kobe Bryant, emphasizes that the reason why everything starts with imagination is because a perso‚Ä¶",0,1
1197969140646068224,Fri Nov 22 20:04:34 +0000 2019,"@patrickbetdavid Most skilled player in the NBA, Not the most athletic but the most skilled, His step back is harde‚Ä¶ https://t.co/fc9Pk5BxT7",0,0
1197969031711592454,Fri Nov 22 20:04:09 +0000 2019,"Kobe Bryant's Top 10 Dunks Of His Career - https://t.co/ovAEdxa8Wj
#ChicagoBulls https://t.co/Z2f2YywahC",0,0
1197968996064215047,Fri Nov 22 20:04:00 +0000 2019,"RT @thegoatmitch: My top ten all time in the NBA:

1. MJ
2. Bron
3. Magic
4. Kareem
5. Bird
6. Wilt
7. Kobe
8. Bill Russell 
9. Hakeem
10.‚Ä¶",0,5
1197967805322317825,Fri Nov 22 19:59:16 +0000 2019,RT @TheKlawFan2011: It's still 1.MJ 2.Kobe 3.LBJ. Until somebody comes into the #NBA and stays loyal to there organization and builds a Dyn‚Ä¶,0,1
1197967031284457472,Fri Nov 22 19:56:12 +0000 2019,@yungzack24 @dykstra_justin @Jakkeeeup @Vitricate Washed shaq? He made all nba 1st team that year. Lebron is Lebron‚Ä¶ https://t.co/EtkIvX2B7J,1,0
1197964718922706945,Fri Nov 22 19:47:00 +0000 2019,RT @RoDDenDirty: @lefraud_exposed Wait a minute. You mean because lebron james sits on the block on defense he gets more boards than say ko‚Ä¶,0,1
1197961457499090950,Fri Nov 22 19:34:03 +0000 2019,"@leroynba @TheRealJHair @FTFonFS1 @getnickwright LeBron gonna pass Kobe on points this year on less shots, less yea‚Ä¶ https://t.co/5LlOakkWmJ",0,0
1197961318478696448,Fri Nov 22 19:33:30 +0000 2019,RT @Mamba_Insider: NBA Players on Kobe Bryant üêê https://t.co/sS4xVHVUh3,0,2993
1197960101853880320,Fri Nov 22 19:28:39 +0000 2019,RT @MarcJSpearsESPN: Last week @TheTraeYoung tweeted out: ‚ÄúYOUR APOLOGY NEEDS TO BE AS LOUD AS THE DISRESPECT WAS...‚Äù The @ATLHawks star ex‚Ä¶,0,5
1197958346562629633,Fri Nov 22 19:21:41 +0000 2019,@BabyBoyDante @MexiDudePlays @RileyThadYoung2 @FirstTake How is this guy suppose to be Greater when Kobe did more w‚Ä¶ https://t.co/82JvNxKkHm,0,0
1197956537991467010,Fri Nov 22 19:14:30 +0000 2019,RT @cherrycollect: Contenders delivers! Did you sleep on Trae or no? #sportscards #whodoyoucollect #thehobby #baseballcards #paniniamerica‚Ä¶,0,1
1197956487055921153,Fri Nov 22 19:14:18 +0000 2019,i need vince carter to cherry pick for 48 minutes for his last nba game give us a final show like kobe did,2,0
1197956295346638848,Fri Nov 22 19:13:32 +0000 2019,RT @Mamba_Insider: NBA Players on Kobe Bryant üêê https://t.co/sS4xVHVUh3,0,2993
1197956263939674113,Fri Nov 22 19:13:24 +0000 2019,"#NBA #alltimetop5

1.  Kareem Abdul-Jabbar
2.  Michael Jordan
3.  Magic Johnson
4.  Kobe Bryant
5.  Larry Bird

I h‚Ä¶ https://t.co/BkVOoPbryn",0,0
1197954333813301248,Fri Nov 22 19:05:44 +0000 2019,RT @Mamba_Insider: NBA Players on Kobe Bryant üêê https://t.co/sS4xVHVUh3,0,2993
1197954194566766592,Fri Nov 22 19:05:11 +0000 2019,RT @MrAndresenGB: never forget: kobe hooped in these in an actual NBA game https://t.co/NmwSwQy15M,0,1
1197953367395336192,Fri Nov 22 19:01:54 +0000 2019,"RT @LakeShowCP: Lou William's Mamba mentality, from Kobe Bryant himself üòÆ

#Lakers #NBA #NBATwitter https://t.co/Ic8HVND74q",0,21
1197953343706091520,Fri Nov 22 19:01:48 +0000 2019,"RT @DanDuangdao: Kobe Bryant, Los Angeles #Lakers:

5X NBA champion,
2X NBA Finals MVP,
1X NBA MVP,
18X NBA All-Star,
4X NBA All-Star Game‚Ä¶",0,4923
1197952258702499849,Fri Nov 22 18:57:30 +0000 2019,@NetsDaily @KyrieIrving He‚Äôs an All Star who is a top talent in the NBA. He‚Äôs teaching guys how to get to the next‚Ä¶ https://t.co/Z0Vmo6QQzK,1,0
1197951491337859074,Fri Nov 22 18:54:27 +0000 2019,RT @Mamba_Insider: NBA Players on Kobe Bryant üêê https://t.co/sS4xVHVUh3,0,2993
1197950507974889472,Fri Nov 22 18:50:32 +0000 2019,"@BooneGage @SuspendedNBAFan Hating? People are haters because they don't agree with you? &amp; no, they just ran a poll‚Ä¶ https://t.co/L7EXAC8HqL",1,0
1197948639441612801,Fri Nov 22 18:43:07 +0000 2019,"At one point my 2k &amp; nba live line up was Kobe,Tmac,Lebron,Melo and Shaq haha",0,0
1197947816150228992,Fri Nov 22 18:39:50 +0000 2019,never forget: kobe hooped in these in an actual NBA game https://t.co/NmwSwQy15M,7,1
1197946995580776449,Fri Nov 22 18:36:35 +0000 2019,@Wankunext @SneakerShouts @TheHoopCentral Try all you want you won‚Äôt out sauce NBA KANO with the Kobe‚Äôs,1,0
1197945335013945344,Fri Nov 22 18:29:59 +0000 2019,RT @jshyb_: @ComplexSports Greatest day in NBA history https://t.co/mRK4uAZr3q,0,27
1197944133647847430,Fri Nov 22 18:25:12 +0000 2019,Contenders delivers! Did you sleep on Trae or no? #sportscards #whodoyoucollect #thehobby #baseballcards‚Ä¶ https://t.co/Q23pJT1uxt,0,1
1197943133050458112,Fri Nov 22 18:21:14 +0000 2019,@ChewJore @JUchechukwu1988 @ESPNNBA @JHarden13 except Kobe actually won rings and played in NBA finals in those yea‚Ä¶ https://t.co/wujqrTuHCo,0,0
1197942773845856257,Fri Nov 22 18:19:48 +0000 2019,"RT @LakeShowCP: Lou William's Mamba mentality, from Kobe Bryant himself üòÆ

#Lakers #NBA #NBATwitter https://t.co/Ic8HVND74q",0,21
1197938612798709760,Fri Nov 22 18:03:16 +0000 2019,[Markazi] Lou Will on Kobe: ‚Äú[Kobe Bryant] is going to be mad at me for this but we got blown out in Portland and h‚Ä¶ https://t.co/NfNdmdRF7j,0,0
1197938607761350657,Fri Nov 22 18:03:15 +0000 2019,"RT @MicahAdams13: Luka Doncic is 86 games into his NBA career.

Only 9 players in NBA history have more career 35-point triple-doubles than‚Ä¶",0,14
1197936630755139587,Fri Nov 22 17:55:24 +0000 2019,@threevincenzo @Porzingod8 @F__kYoTeam34 @_TheHighGround @dalton_trigg @redditmavericks Puh sorry. He got 1 injury‚Ä¶ https://t.co/qyCE4bKYNE,0,0
1197934851896287233,Fri Nov 22 17:48:19 +0000 2019,[Markazi] Lou Will on Kobe: ‚Äú[Kobe Bryant] is going to be mad at me for this but we got blown out in Portland and h‚Ä¶ https://t.co/PbfaOtn7Lu,0,0
1197934823001726980,Fri Nov 22 17:48:13 +0000 2019,I can‚Äôt wait for lebron kobe melo and wade to start in the big 3 league and have it become more watched than the nb‚Ä¶ https://t.co/2JT5crJ94V,0,0
1197932414833713157,Fri Nov 22 17:38:38 +0000 2019,"RT @thegoatmitch: My top ten all time in the NBA:

1. MJ
2. Bron
3. Magic
4. Kareem
5. Bird
6. Wilt
7. Kobe
8. Bill Russell 
9. Hakeem
10.‚Ä¶",0,5
1197931297324371968,Fri Nov 22 17:34:12 +0000 2019,"RT @MicahAdams13: Luka Doncic is 86 games into his NBA career.

Only 9 players in NBA history have more career 35-point triple-doubles than‚Ä¶",0,14
1197929068131475457,Fri Nov 22 17:25:20 +0000 2019,Redemption #mailday Kobe Bryant On Card Auto from @PaniniAmerica Select Basketball /49! Such a sick card and I pull‚Ä¶ https://t.co/JEsOeJVtO1,17,2
1197928603104825355,Fri Nov 22 17:23:30 +0000 2019,"Smartest Players of all Time:
*No particular order*

LeBron James

Kobe Bryant

Magic Johnson

Larry Bird

Tim Duncan

Michael Jordan",1,0
1197927852064178176,Fri Nov 22 17:20:31 +0000 2019,@RealKhalilU This is what happens when you go to NBA all stars thinking your the shit. Then suddenly kobe gets the‚Ä¶ https://t.co/NPkKSBdOW1,0,0
1197926272825020421,Fri Nov 22 17:14:14 +0000 2019,"RT @MicahAdams13: Luka Doncic is 86 games into his NBA career.

Only 9 players in NBA history have more career 35-point triple-doubles than‚Ä¶",0,14
1197924801358249986,Fri Nov 22 17:08:23 +0000 2019,RT @Mamba_Insider: NBA Players on Kobe Bryant üêê https://t.co/sS4xVHVUh3,0,2993
1197924715060285441,Fri Nov 22 17:08:03 +0000 2019,RT @Mamba_Insider: NBA Players on Kobe Bryant üêê https://t.co/sS4xVHVUh3,0,2993
1197923283930206208,Fri Nov 22 17:02:21 +0000 2019,"RT @thegoatmitch: My top ten all time in the NBA:

1. MJ
2. Bron
3. Magic
4. Kareem
5. Bird
6. Wilt
7. Kobe
8. Bill Russell 
9. Hakeem
10.‚Ä¶",0,5
1197923124873957377,Fri Nov 22 17:01:43 +0000 2019,RT @MarcJSpearsESPN: Last week @TheTraeYoung tweeted out: ‚ÄúYOUR APOLOGY NEEDS TO BE AS LOUD AS THE DISRESPECT WAS...‚Äù The @ATLHawks star ex‚Ä¶,0,5
1197921133292670976,Fri Nov 22 16:53:49 +0000 2019,RT @Buckets341: @KiranSanthanam @lefraud_exposed @getnickwright @ShannonSharpe I can't ever put him ahead of Duncan. He defeated Shaq and K‚Ä¶,0,1
1197919814301433857,Fri Nov 22 16:48:34 +0000 2019,@ChrisRyan77 I one hundred percent feel you on the trending topics that don‚Äôt say why they‚Äôre trending phenomenon.‚Ä¶ https://t.co/ok7UcpZ4PV,0,0
1197918853478653953,Fri Nov 22 16:44:45 +0000 2019,RT @MarcJSpearsESPN: Last week @TheTraeYoung tweeted out: ‚ÄúYOUR APOLOGY NEEDS TO BE AS LOUD AS THE DISRESPECT WAS...‚Äù The @ATLHawks star ex‚Ä¶,0,5
1197918107156615171,Fri Nov 22 16:41:47 +0000 2019,@KiranSanthanam @lefraud_exposed @getnickwright @ShannonSharpe I can't ever put him ahead of Duncan. He defeated Sh‚Ä¶ https://t.co/IeKtltRCuB,2,1
1197917939460190216,Fri Nov 22 16:41:07 +0000 2019,"Lakers used to be my favourite team when Kobe was around, but at the bottom of my list now that LBJ is there. Please lose tonight. lol #nba",0,0
1197917939460190216,Fri Nov 22 16:41:07 +0000 2019,"Lakers used to be my favourite team when Kobe was around, but at the bottom of my list now that LBJ is there. Please lose tonight. lol #nba",0,0
1197917900360896512,Fri Nov 22 16:40:58 +0000 2019,@AndrewMiller_15 @Giannis_An34 @KingJames @ESPNNBA @NBAonTNT @NBA @NBAOfficial @luka7doncic @JHarden13 Not saying h‚Ä¶ https://t.co/iOCPMJhwm0,1,0
1197917842823405569,Fri Nov 22 16:40:44 +0000 2019,RT @MarcJSpearsESPN: Last week @TheTraeYoung tweeted out: ‚ÄúYOUR APOLOGY NEEDS TO BE AS LOUD AS THE DISRESPECT WAS...‚Äù The @ATLHawks star ex‚Ä¶,0,5
1197917655497236481,Fri Nov 22 16:39:59 +0000 2019,"RT @MicahAdams13: Luka Doncic is 86 games into his NBA career.

Only 9 players in NBA history have more career 35-point triple-doubles than‚Ä¶",0,14
1197915612527374337,Fri Nov 22 16:31:52 +0000 2019,@LeoMount1 @SInow Marketing wise absolutely. I think we can agree that Giannis won‚Äôt be marketed the same as LeBron‚Ä¶ https://t.co/1lGlItZCW2,1,0
1197913823656714241,Fri Nov 22 16:24:46 +0000 2019,RT @MarcJSpearsESPN: Last week @TheTraeYoung tweeted out: ‚ÄúYOUR APOLOGY NEEDS TO BE AS LOUD AS THE DISRESPECT WAS...‚Äù The @ATLHawks star ex‚Ä¶,0,5
1197913374853451776,Fri Nov 22 16:22:59 +0000 2019,Last week @TheTraeYoung tweeted out: ‚ÄúYOUR APOLOGY NEEDS TO BE AS LOUD AS THE DISRESPECT WAS...‚Äù The @ATLHawks star‚Ä¶ https://t.co/JoBB9m3ARA,26,5
1197912805174841349,Fri Nov 22 16:20:43 +0000 2019,RT @Mamba_Insider: NBA Players on Kobe Bryant üêê https://t.co/sS4xVHVUh3,0,2993
1197909832705216512,Fri Nov 22 16:08:54 +0000 2019,Kobe bryant an lebron james is the greatest to go down in history FACTSüíØ,1,0
1197908744946044928,Fri Nov 22 16:04:35 +0000 2019,"RT @LBJamesHarden: Greg Popovich: ‚ÄúI only watch film on harden, he‚Äôs ridiculous‚Äù

Kobe Bryant: ‚ÄúI would start an NBA franchise with James H‚Ä¶",0,2088
1197908430687744001,Fri Nov 22 16:03:20 +0000 2019,RT @Mamba_Insider: NBA Players on Kobe Bryant üêê https://t.co/sS4xVHVUh3,0,2993
1197905929632714754,Fri Nov 22 15:53:24 +0000 2019,"RT @LakeShowCP: Lou William's Mamba mentality, from Kobe Bryant himself üòÆ

#Lakers #NBA #NBATwitter https://t.co/Ic8HVND74q",0,21
1197903598258135045,Fri Nov 22 15:44:08 +0000 2019,Kyle Kuzma says Kobe Bryant told him he found his way in the NBA by watching a Bruce Lee movie. https://t.co/m81xlGvaey,0,0
1197902302855729153,Fri Nov 22 15:38:59 +0000 2019,@Winner_Stayz_On people that didn‚Äôt religiously watch kobe or jordan dont understand the IT factor that they had no‚Ä¶ https://t.co/VjNIujeu9h,2,0
1197899129378263041,Fri Nov 22 15:26:22 +0000 2019,"Forget Kobe, look at beardless James...in 2009!!! https://t.co/207WaP2JNV",0,0
1197895432262889472,Fri Nov 22 15:11:41 +0000 2019,RT @Mamba_Insider: NBA Players on Kobe Bryant üêê https://t.co/sS4xVHVUh3,0,2993
1197895082755538944,Fri Nov 22 15:10:18 +0000 2019,RT @Mamba_Insider: NBA Players on Kobe Bryant üêê https://t.co/sS4xVHVUh3,0,2993
1197894183454789632,Fri Nov 22 15:06:43 +0000 2019,RT @Mamba_Insider: NBA Players on Kobe Bryant üêê https://t.co/sS4xVHVUh3,0,2993
1197893766297702401,Fri Nov 22 15:05:04 +0000 2019,"My top 10 nba players all time
1. Kobe Bryant
2. Michael Jordan
3. Larry Bird
4. Hakeem Olajuwon 
5. Kareem Abdul J‚Ä¶ https://t.co/RiFZewSorl",2,0
1197892795739934720,Fri Nov 22 15:01:12 +0000 2019,RT @Mamba_Insider: NBA Players on Kobe Bryant üêê https://t.co/sS4xVHVUh3,0,2993
1197891704625356800,Fri Nov 22 14:56:52 +0000 2019,"@MexiDudePlays @DragonflyJonez From 2000-2010.... 

""Kobe not best of his era""

Most Championships
Most All NBA sel‚Ä¶ https://t.co/zIvSMNQzbH",0,0
1197891411665936384,Fri Nov 22 14:55:42 +0000 2019,James and Ayo don‚Äôt respect me with their response this morning,0,0
1197889559331311617,Fri Nov 22 14:48:21 +0000 2019,@thehoopersvoice The MJ and Lebron mode was sick ...when u had all the challenges...imagine a Kobe one when he went‚Ä¶ https://t.co/f2h48jBojs,2,0
1197889326287163393,Fri Nov 22 14:47:25 +0000 2019,"@NBATV In today‚Äôs NBA, Kobe would‚Äôve got a tech because of that stare. Heck of a shot too.",24,0
1197887782481539072,Fri Nov 22 14:41:17 +0000 2019,"1. This is true according to these rules: https://t.co/yKSmWSmMO2
2. Kobe having two numbers retired is so Kobe. Th‚Ä¶ https://t.co/M07QWVz0u2",0,0
1197887538020700160,Fri Nov 22 14:40:19 +0000 2019,RT @Mamba_Insider: NBA Players on Kobe Bryant üêê https://t.co/sS4xVHVUh3,0,2993
1197887376829407233,Fri Nov 22 14:39:40 +0000 2019,"RT @thegoatmitch: My top ten all time in the NBA:

1. MJ
2. Bron
3. Magic
4. Kareem
5. Bird
6. Wilt
7. Kobe
8. Bill Russell 
9. Hakeem
10.‚Ä¶",0,5
1197887054539034624,Fri Nov 22 14:38:24 +0000 2019,RT @Mamba_Insider: NBA Players on Kobe Bryant üêê https://t.co/sS4xVHVUh3,0,2993
1197885195463970816,Fri Nov 22 14:31:00 +0000 2019,"RT @LakeShowCP: Lou William's Mamba mentality, from Kobe Bryant himself üòÆ

#Lakers #NBA #NBATwitter https://t.co/Ic8HVND74q",0,21
1197884869298266112,Fri Nov 22 14:29:43 +0000 2019,"RT @latimessports: 'All the Smoke' rolls on Kobe Bryant, 'Malice at the Palace' and other NBA tales https://t.co/Hci8ffGai9",0,3
1197883009988362248,Fri Nov 22 14:22:19 +0000 2019,"RT @NBATV: #OTD in 2009, Kobe made this WILD shot vs. OKC üò≥üî• https://t.co/vjnJ7LgLn4",0,1284
1197882705809158146,Fri Nov 22 14:21:07 +0000 2019,"To I guess go on a tangent, while I loved watching Kobe play for the time that I did &amp; I love watching his highligh‚Ä¶ https://t.co/DUDOGsJT0N",6,0
1197882285598629893,Fri Nov 22 14:19:27 +0000 2019,"RT @MarcJSpearsESPN: Kobe, Normie the Dog, Staples Center, family, lost voice, Twitter explanation &amp; more. @TheTraeYoung Diary In @TheUndef‚Ä¶",0,3
1197882074327212032,Fri Nov 22 14:18:36 +0000 2019,"Kobe, Normie the Dog, Staples Center, family, lost voice, Twitter explanation &amp; more. @TheTraeYoung Diary In‚Ä¶ https://t.co/veuBvaUyCZ",11,3
1197882002999001090,Fri Nov 22 14:18:19 +0000 2019,‚ÄúI love the game; I love the hustle‚Äù Feeling as if I‚Äôm Kobe in the fourth; James Harden in the paint üî•ü§üüèæ‚ÄùMiddle Chi‚Ä¶ https://t.co/wDS38yR3YD,1,0
1197881452077178880,Fri Nov 22 14:16:08 +0000 2019,"RT @LakeShowCP: Lou William's Mamba mentality, from Kobe Bryant himself üòÆ

#Lakers #NBA #NBATwitter https://t.co/Ic8HVND74q",0,21
1197878771468111875,Fri Nov 22 14:05:29 +0000 2019,It's still 1.MJ 2.Kobe 3.LBJ. Until somebody comes into the #NBA and stays loyal to there organization and builds a‚Ä¶ https://t.co/TD6Co7zYUV,0,1
1197876132722434049,Fri Nov 22 13:55:00 +0000 2019,RT @Mamba_Insider: NBA Players on Kobe Bryant üêê https://t.co/sS4xVHVUh3,0,2993
1197875642030800897,Fri Nov 22 13:53:03 +0000 2019,RT @Mamba_Insider: NBA Players on Kobe Bryant üêê https://t.co/sS4xVHVUh3,0,2993
1197874443416227841,Fri Nov 22 13:48:17 +0000 2019,RT @Mamba_Insider: NBA Players on Kobe Bryant üêê https://t.co/sS4xVHVUh3,0,2993
1197872799739600898,Fri Nov 22 13:41:45 +0000 2019,This 10-year-old is the best Lakers‚Äô shooter since Jerry West https://t.co/3mU2eccqaU via @sbnation,0,0
1197871548553551872,Fri Nov 22 13:36:47 +0000 2019,"RT @thegoatmitch: My top ten all time in the NBA:

1. MJ
2. Bron
3. Magic
4. Kareem
5. Bird
6. Wilt
7. Kobe
8. Bill Russell 
9. Hakeem
10.‚Ä¶",0,5
1197870433946624001,Fri Nov 22 13:32:21 +0000 2019,RT @Mamba_Insider: NBA Players on Kobe Bryant üêê https://t.co/sS4xVHVUh3,0,2993
1197867910825414656,Fri Nov 22 13:22:19 +0000 2019,"RT @LakeShowCP: Lou William's Mamba mentality, from Kobe Bryant himself üòÆ

#Lakers #NBA #NBATwitter https://t.co/Ic8HVND74q",0,21
1197866954096181248,Fri Nov 22 13:18:31 +0000 2019,@Cavsanada There's been no one player who has disguised #LoveOfTheFame as #LoveOfTheGame better than Kobe in NBA history,1,0
1197866863209922561,Fri Nov 22 13:18:10 +0000 2019,RT @Mamba_Insider: NBA Players on Kobe Bryant üêê https://t.co/sS4xVHVUh3,0,2993
1197866798139527168,Fri Nov 22 13:17:54 +0000 2019,"RT @MicahAdams13: Luka Doncic is 86 games into his NBA career.

Only 9 players in NBA history have more career 35-point triple-doubles than‚Ä¶",0,14
1197866646553137152,Fri Nov 22 13:17:18 +0000 2019,James Harden is not more offensive than Kobe and Jordan,0,0
1197865152781176833,Fri Nov 22 13:11:22 +0000 2019,RT @Mamba_Insider: NBA Players on Kobe Bryant üêê https://t.co/sS4xVHVUh3,0,2993
1197865137434189824,Fri Nov 22 13:11:18 +0000 2019,@JayTeeGeee @BillSimmons @TheSteinLine @chadwickboseman Dude I didnt even know this. My curiosity (genius) just typ‚Ä¶ https://t.co/s7LPBcqf5f,0,0
1197864204092481538,Fri Nov 22 13:07:36 +0000 2019,"team with kobe bryant, James Harden, klay thompson, shrek, and Nick young",0,0
1197862551964569600,Fri Nov 22 13:01:02 +0000 2019,"James Harden is easily going to be mvp if he keeps this up, nobody else is averaging 40 points... best offense I‚Äôve ever seen sense Kobe",0,0
1197859927315931136,Fri Nov 22 12:50:36 +0000 2019,RT @Mamba_Insider: NBA Players on Kobe Bryant üêê https://t.co/sS4xVHVUh3,0,2993
1197859584255430656,Fri Nov 22 12:49:14 +0000 2019,"üí•üèÄüòàTHE PURPLE TAPEüòàüèÄüí•
.
Shaquille O'Neal Los Angeles Lakers Jersey Size XL üî•
Kobe Bryant Los Angeles Lakers Jersey‚Ä¶ https://t.co/EKCMb8fb7G",0,0
1197857002724233220,Fri Nov 22 12:38:59 +0000 2019,"RT @LakeShowCP: Lou William's Mamba mentality, from Kobe Bryant himself üòÆ

#Lakers #NBA #NBATwitter https://t.co/Ic8HVND74q",0,21
1197854702584696832,Fri Nov 22 12:29:50 +0000 2019,RT @Mamba_Insider: NBA Players on Kobe Bryant üêê https://t.co/sS4xVHVUh3,0,2993
1197850558062874629,Fri Nov 22 12:13:22 +0000 2019,"RT @MicahAdams13: Luka Doncic is 86 games into his NBA career.

Only 9 players in NBA history have more career 35-point triple-doubles than‚Ä¶",0,14
1197843882396045312,Fri Nov 22 11:46:51 +0000 2019,RT @ja_0431: @RayDotCollins Literally just agruing this with my supervisor bro. The level of competition scoring wise is way different. You‚Ä¶,0,1
1197843084765212672,Fri Nov 22 11:43:40 +0000 2019,"RT @LakerrJC: Kobe Bryant has had a 40 point game against EVERY NBA team.

Lebron James has had a triple double against EVERY NBA team. 

üêê‚Ä¶",0,78
1197842111506395136,Fri Nov 22 11:39:48 +0000 2019,RT @Mamba_Insider: NBA Players on Kobe Bryant üêê https://t.co/sS4xVHVUh3,0,2993
1197842052718854145,Fri Nov 22 11:39:34 +0000 2019,"RT @LakeShowCP: Lou William's Mamba mentality, from Kobe Bryant himself üòÆ

#Lakers #NBA #NBATwitter https://t.co/Ic8HVND74q",0,21
1197840580182781952,Fri Nov 22 11:33:43 +0000 2019,"RT @ComplexSports: 4. Kobe‚Äôs final game. Unforgettable.

Defining NBA moments of the decade: https://t.co/XqANa3BLzm

 https://t.co/5KB8HrP‚Ä¶",0,298
1197836214298193920,Fri Nov 22 11:16:22 +0000 2019,RT @TheMcFaddenShow: Bra NBA Youngboy got the worse sauce I ever seenüòÇüòÇüòÇ https://t.co/jU0K0d0h0b,0,38565
1197835103529033729,Fri Nov 22 11:11:58 +0000 2019,RT @Mamba_Insider: NBA Players on Kobe Bryant üêê https://t.co/sS4xVHVUh3,0,2993
1197831742180057089,Fri Nov 22 10:58:36 +0000 2019,RT @TF_official2k: @Rosecityboii Kobe Bryant being drafted by the Charlotte hornets and few hours into being an nba player he was traded to‚Ä¶,0,1
1197828187692122112,Fri Nov 22 10:44:29 +0000 2019,RT @Mamba_Insider: NBA Players on Kobe Bryant üêê https://t.co/sS4xVHVUh3,0,2993
1197827346058727425,Fri Nov 22 10:41:08 +0000 2019,RT @Mamba_Insider: NBA Players on Kobe Bryant üêê https://t.co/sS4xVHVUh3,0,2993
1197825009416364035,Fri Nov 22 10:31:51 +0000 2019,RT @thenanaresh: Nubuke Foundation re-opens tomorrow with an exhibition of James Barnor's unseen Work! He photographed Osagyefo Dr. Kwame N‚Ä¶,0,21
1197824287387742208,Fri Nov 22 10:28:59 +0000 2019,RT @cherrycollect: Got your Giannis RCs? #sportscards #whodoyoucollect #thehobby #baseballcards #paniniamerica #topps #sneakerheads #footba‚Ä¶,0,2
1197822409711202304,Fri Nov 22 10:21:31 +0000 2019,"RT @ComplexSports: üèÄ The Decision
üèÄ Linsanity  
üèÄ 3-1 comeback 
üèÄ Kobe's final game

Here are the top 10 NBA moments of the decade, RANKED:‚Ä¶",0,220
1197822023688445952,Fri Nov 22 10:19:59 +0000 2019,RT @Mamba_Insider: NBA Players on Kobe Bryant üêê https://t.co/sS4xVHVUh3,0,2993
1197821643084718080,Fri Nov 22 10:18:28 +0000 2019,"RT @SHOsports: 'All the Smoke' with @Matt_Barnes22 &amp; @DaTrillStak5 rolls on @kobebryant, 'Malice at the Palace' and other NBA tales via @la‚Ä¶",0,7
1197821099574251531,Fri Nov 22 10:16:19 +0000 2019,"RT @LakeShowCP: Lou William's Mamba mentality, from Kobe Bryant himself üòÆ

#Lakers #NBA #NBATwitter https://t.co/Ic8HVND74q",0,21
1197817098778685440,Fri Nov 22 10:00:25 +0000 2019,RT @HaniHQ8_24: While LeBron James was Guarding Kobe Bryant https://t.co/kk4AeDJ2RL,0,1
1197813909492625409,Fri Nov 22 09:47:44 +0000 2019,"1. Kareem
2.Jordan
3. LeBron
4. Kobe
5. Magic
6. Bird
7. Shaq
8. Bill Russell
9. Hakeem 
10. Duncan

This is my per‚Ä¶ https://t.co/pLzz3mCYCq",0,0
1197809060684455936,Fri Nov 22 09:28:28 +0000 2019,"RT @emesola: Most popular PE shoes worn on-court, ranked:
1. Kobe Bryant
2. Paul George
3. Kyrie Irving
4. Damian Lillard
5. LeBron James
6‚Ä¶",0,38
1197806643435622401,Fri Nov 22 09:18:52 +0000 2019,"RT @LakeShowCP: Lou William's Mamba mentality, from Kobe Bryant himself üòÆ

#Lakers #NBA #NBATwitter https://t.co/Ic8HVND74q",0,21
1197806448287322115,Fri Nov 22 09:18:06 +0000 2019,RT @NBAFRANCE: üëë LeBron James x Kobe Bryant üêç https://t.co/1CRD49FG4k,0,1475
1197803933839888384,Fri Nov 22 09:08:06 +0000 2019,"RT @MicahAdams13: Luka Doncic is 86 games into his NBA career.

Only 9 players in NBA history have more career 35-point triple-doubles than‚Ä¶",0,14
1197797292486492161,Fri Nov 22 08:41:43 +0000 2019,"RT @LakeShowCP: Lou William's Mamba mentality, from Kobe Bryant himself üòÆ

#Lakers #NBA #NBATwitter https://t.co/Ic8HVND74q",0,21
1197795030653517824,Fri Nov 22 08:32:43 +0000 2019,@ThrowbackHoops Kobe is the best high school to NBA player of all time üèÄüíØ,0,0
1197793547010871296,Fri Nov 22 08:26:50 +0000 2019,"RT @LakeShowCP: Lou William's Mamba mentality, from Kobe Bryant himself üòÆ

#Lakers #NBA #NBATwitter https://t.co/Ic8HVND74q",0,21
1197793255078924288,Fri Nov 22 08:25:40 +0000 2019,RT @Mamba_Insider: NBA Players on Kobe Bryant üêê https://t.co/sS4xVHVUh3,0,2993
1197791804743200768,Fri Nov 22 08:19:54 +0000 2019,NBA fan translation again: Imagine Kobe had joined the Knicks in 2015 and hit a game winner against the Lakers https://t.co/qdKJnK9ns6,25,0
1197787881026142210,Fri Nov 22 08:04:19 +0000 2019,NBA fact: Carmelo Anthony would easily have a ring right now if it wasn‚Äôt for Kobe &amp; company in 2009...the right pe‚Ä¶ https://t.co/ZCfOExVt0V,1,0
1197787602247655424,Fri Nov 22 08:03:12 +0000 2019,Dwight Howard Owns Critic Who Compares LeBron James to Kobe Bryant - Lakers Daily https://t.co/n4QS36o9F1,0,0
1197787561713909760,Fri Nov 22 08:03:03 +0000 2019,@Rosecityboii Kobe Bryant being drafted by the Charlotte hornets and few hours into being an nba player he was trad‚Ä¶ https://t.co/wyXv4gziEj,1,1
1197786789559205888,Fri Nov 22 07:59:59 +0000 2019,"RT @LakeShowCP: Lou William's Mamba mentality, from Kobe Bryant himself üòÆ

#Lakers #NBA #NBATwitter https://t.co/Ic8HVND74q",0,21
1197785544085782528,Fri Nov 22 07:55:02 +0000 2019,"#KobeBryant threw #ShaquilleONeal under the bus right there! üëÄ

#Kobe #Shaq #KobeShaq #NBA

https://t.co/okywWo2aEQ",0,0
1197783832268869632,Fri Nov 22 07:48:14 +0000 2019,RT @Mamba_Insider: NBA Players on Kobe Bryant üêê https://t.co/sS4xVHVUh3,0,2993
1197783361273630720,Fri Nov 22 07:46:21 +0000 2019,Kobe&gt; james harden,0,0
1197777847307255808,Fri Nov 22 07:24:27 +0000 2019,"RT @LakeShowCP: Lou William's Mamba mentality, from Kobe Bryant himself üòÆ

#Lakers #NBA #NBATwitter https://t.co/Ic8HVND74q",0,21
1197777621867737088,Fri Nov 22 07:23:33 +0000 2019,"RT @LakeShowCP: Lou William's Mamba mentality, from Kobe Bryant himself üòÆ

#Lakers #NBA #NBATwitter https://t.co/Ic8HVND74q",0,21
1197777158275522560,Fri Nov 22 07:21:42 +0000 2019,"RT @LakeShowCP: Lou William's Mamba mentality, from Kobe Bryant himself üòÆ

#Lakers #NBA #NBATwitter https://t.co/Ic8HVND74q",0,21
1197777022677856256,Fri Nov 22 07:21:10 +0000 2019,"RT @LakeShowCP: Lou William's Mamba mentality, from Kobe Bryant himself üòÆ

#Lakers #NBA #NBATwitter https://t.co/Ic8HVND74q",0,21
1197776509261488128,Fri Nov 22 07:19:08 +0000 2019,One anonymous NBA executive isn‚Äôt sure how long LeBron will be able to keep up this level of defense. https://t.co/7fkqYWI3nr,0,0
1197776361135296514,Fri Nov 22 07:18:32 +0000 2019,"Lou William's Mamba mentality, from Kobe Bryant himself üòÆ

#Lakers #NBA #NBATwitter https://t.co/Ic8HVND74q",73,21
1197770662141542400,Fri Nov 22 06:55:54 +0000 2019,"Kobe Bryant Is NBA's GOAT &amp; Not Michael Jordan As Per LA Lakers' Nick Young And Here's Why

https://t.co/da6F9HOCQQ",0,0
1197770434256789504,Fri Nov 22 06:54:59 +0000 2019,Kobe Bryant is NBA's GOAT &amp; not Michael Jordan as per LA Lakers' Nick Young and here's why https://t.co/kKgJ2Yakml,3,1
1197770217834848257,Fri Nov 22 06:54:08 +0000 2019,Kobe Bryant gets another win against Hawks. https://t.co/wy35WfexvY,0,0
1197770217834848257,Fri Nov 22 06:54:08 +0000 2019,Kobe Bryant gets another win against Hawks. https://t.co/wy35WfexvY,0,0
1197767953040715776,Fri Nov 22 06:45:08 +0000 2019,"Podcast: Reacting to the Lakers having the best record in the NBA, their win over the Hawks. https://t.co/bN89ej6TCd",0,0
1197766943127851008,Fri Nov 22 06:41:07 +0000 2019,"Nigga had the KD shake n pull up, the Kobe baseline turnaround splash, the James Harden bully lay up, &amp; the Shaq 2‚Ä¶ https://t.co/pBoMt9Ra0J",3,0
1197766917429153792,Fri Nov 22 06:41:01 +0000 2019,LeBron James vs Kobe Bryant LAST Duel Highlights (2016.03.10) Lakers vs ... https://t.co/GH47iIwVIb via @YouTube,6,0
1197766491820711937,Fri Nov 22 06:39:19 +0000 2019,NBA fanduel looked out tonight,0,0
1197766251411431424,Fri Nov 22 06:38:22 +0000 2019,"I am a #Lakers stan
Not a Kobe stan 
or a Lebron stan
...a Lakers stan
I support the team and its players
and want‚Ä¶ https://t.co/MzkrDZHjAl",0,0
1197766191072391168,Fri Nov 22 06:38:08 +0000 2019,"LeBron James, Anthony Davis and Frank Vogel loved having Kobe Bryant watch the Lakers against the Hawks. https://t.co/Pfw30BH1Cw",0,0
1197766063691309057,Fri Nov 22 06:37:37 +0000 2019,RT @Mamba_Insider: NBA Players on Kobe Bryant üêê https://t.co/sS4xVHVUh3,0,2993
1197765931654680576,Fri Nov 22 06:37:06 +0000 2019,RT @NBAFRANCE: üëë LeBron James x Kobe Bryant üêç https://t.co/1CRD49FG4k,0,1475
1197765119314235397,Fri Nov 22 06:33:52 +0000 2019,"Lou Williams had this amazing Kobe Bryant story. üëÄ

https://t.co/iPG1UQa40Z

#nba #NBATwitter #kobe #bryant‚Ä¶ https://t.co/ih7zDpuWZ5",0,0
1197764933364178945,Fri Nov 22 06:33:08 +0000 2019,"RT @MicahAdams13: Luka Doncic is 86 games into his NBA career.

Only 9 players in NBA history have more career 35-point triple-doubles than‚Ä¶",0,14
1197764218059141120,Fri Nov 22 06:30:17 +0000 2019,"LakeShow is back and Kobe Bryant appreciates the show.
#MambaMentality #NBA #SNGLV https://t.co/NvLCugqBJd",0,0
1197760692868153344,Fri Nov 22 06:16:17 +0000 2019,"B2B ‚Äò09-‚Äò10. The failed 2012 superteam, Kobe Achilles, retirement, and these horrible teams, and top 5 drafts. Stay‚Ä¶ https://t.co/9zKNAvXwXr",2,1
1197759651254652928,Fri Nov 22 06:12:08 +0000 2019,RT @Mamba_Insider: NBA Players on Kobe Bryant üêê https://t.co/sS4xVHVUh3,0,2993
1197759296446107648,Fri Nov 22 06:10:44 +0000 2019,"RT @ComplexSports: üèÄ The Decision
üèÄ Linsanity  
üèÄ 3-1 comeback 
üèÄ Kobe's final game

Here are the top 10 NBA moments of the decade, RANKED:‚Ä¶",0,220
1197758389624832000,Fri Nov 22 06:07:08 +0000 2019,RT @Mamba_Insider: NBA Players on Kobe Bryant üêê https://t.co/sS4xVHVUh3,0,2993
1197757635224899584,Fri Nov 22 06:04:08 +0000 2019,Podcast: Should Frank Vogel be getting early coach of the year buzz?. https://t.co/iwdn3i5uSL,0,0
1197756652742750209,Fri Nov 22 06:00:13 +0000 2019,"RT @ComplexSports: 4. Kobe‚Äôs final game. Unforgettable.

Defining NBA moments of the decade: https://t.co/XqANa3BLzm

 https://t.co/5KB8HrP‚Ä¶",0,298
1197756103150444544,Fri Nov 22 05:58:02 +0000 2019,RT @Mamba_Insider: NBA Players on Kobe Bryant üêê https://t.co/sS4xVHVUh3,0,2993
1197755386780176385,Fri Nov 22 05:55:12 +0000 2019,RT @Mamba_Insider: NBA Players on Kobe Bryant üêê https://t.co/sS4xVHVUh3,0,2993
1197755285152116736,Fri Nov 22 05:54:47 +0000 2019,"team with chris paul, captin crunch, James Harden, kobe bryant, and jason Voorhes",0,0
1197751792001376258,Fri Nov 22 05:40:55 +0000 2019,"RT @___Colb___: The Los Angeles Lakers went from Magic and Kareem, to Kobe and Shaq, and now LeBron James and Anthony Davis. 

This is the‚Ä¶",0,2897
1197750648089038848,Fri Nov 22 05:36:22 +0000 2019,"RT @MicahAdams13: Luka Doncic is 86 games into his NBA career.

Only 9 players in NBA history have more career 35-point triple-doubles than‚Ä¶",0,14
1197749002629865472,Fri Nov 22 05:29:49 +0000 2019,RT @Mamba_Insider: NBA Players on Kobe Bryant üêê https://t.co/sS4xVHVUh3,0,2993
1197747434765479938,Fri Nov 22 05:23:36 +0000 2019,RT @Mamba_Insider: NBA Players on Kobe Bryant üêê https://t.co/sS4xVHVUh3,0,2993
1197746905289297921,Fri Nov 22 05:21:29 +0000 2019,RT @Mamba_Insider: NBA Players on Kobe Bryant üêê https://t.co/sS4xVHVUh3,0,2993
1197745986250125312,Fri Nov 22 05:17:50 +0000 2019,RT @Mamba_Insider: NBA Players on Kobe Bryant üêê https://t.co/sS4xVHVUh3,0,2993
1197742893978415108,Fri Nov 22 05:05:33 +0000 2019,RT @FirearmsCom: Rare 08/09 ULTIMATE QUAD FOUR JERSEY KOBE BRYANT LEBRON JAMES Carmelo Redd /25 $ https://t.co/H4aCfsItg2 please retweet ht‚Ä¶,0,3
1197742389697232897,Fri Nov 22 05:03:33 +0000 2019,RT @FirearmsCom: Rare 08/09 ULTIMATE QUAD FOUR JERSEY KOBE BRYANT LEBRON JAMES Carmelo Redd /25 $ https://t.co/H4aCfsItg2 please retweet ht‚Ä¶,0,3
1197742388866777088,Fri Nov 22 05:03:33 +0000 2019,RT @FirearmsCom: Rare 08/09 ULTIMATE QUAD FOUR JERSEY KOBE BRYANT LEBRON JAMES Carmelo Redd /25 $ https://t.co/H4aCfsItg2 please retweet ht‚Ä¶,0,3
1197742286924173313,Fri Nov 22 05:03:08 +0000 2019,Rare 08/09 ULTIMATE QUAD FOUR JERSEY KOBE BRYANT LEBRON JAMES Carmelo Redd /25 $ https://t.co/H4aCfsItg2 please ret‚Ä¶ https://t.co/F4xHb3ormz,0,3
1197740810877321216,Fri Nov 22 04:57:16 +0000 2019,RT @Mamba_Insider: NBA Players on Kobe Bryant üêê https://t.co/sS4xVHVUh3,0,2993
1197740766363312129,Fri Nov 22 04:57:06 +0000 2019,RT @Mamba_Insider: NBA Players on Kobe Bryant üêê https://t.co/sS4xVHVUh3,0,2993
1197738436762853376,Fri Nov 22 04:47:50 +0000 2019,RT @Mamba_Insider: NBA Players on Kobe Bryant üêê https://t.co/sS4xVHVUh3,0,2993
1197738409831337987,Fri Nov 22 04:47:44 +0000 2019,"RT @JwpFootball: Congrats to our All District players.
@iggyj2429 (offense MVP)
Jacob Crouch
Logan Miller (most valuable lineman)
@gartner_‚Ä¶",0,1
1197738196181901312,Fri Nov 22 04:46:53 +0000 2019,RT @Mamba_Insider: NBA Players on Kobe Bryant üêê https://t.co/sS4xVHVUh3,0,2993
1197737772422795264,Fri Nov 22 04:45:12 +0000 2019,RT @Mamba_Insider: NBA Players on Kobe Bryant üêê https://t.co/sS4xVHVUh3,0,2993
1197735642664493057,Fri Nov 22 04:36:44 +0000 2019,"RT @_FreeMan_17: Fav Comedian - Chris Rock
Fav Actor - Morgan Freeman
Fav rapper - J Cole
Fav singner - Micheal Jackson
Fav NBA player - Ko‚Ä¶",0,1
1197735002190077957,Fri Nov 22 04:34:12 +0000 2019,"Fav Comedian - Chris Rock
Fav Actor - Morgan Freeman
Fav rapper - J Cole
Fav singner - Micheal Jackson
Fav NBA play‚Ä¶ https://t.co/wJSDsH6hI9",1,1
1197733949990064128,Fri Nov 22 04:30:01 +0000 2019,RT @Mamba_Insider: NBA Players on Kobe Bryant üêê https://t.co/sS4xVHVUh3,0,2993
1197733174190780416,Fri Nov 22 04:26:56 +0000 2019,"RT @RexChapman: ‚ÄúNo Babies Allowed‚ÄùüòÇ
The NBA in the 80‚Äôs &amp; 90‚ÄôsüòèüèÄ  https://t.co/LieD0s9ZXT",0,27423
1197730224827486208,Fri Nov 22 04:15:13 +0000 2019,@RayDotCollins Literally just agruing this with my supervisor bro. The level of competition scoring wise is way dif‚Ä¶ https://t.co/PgwqGppHd9,1,1
1197729919511539712,Fri Nov 22 04:14:00 +0000 2019,@Paramountthugs @LaFleur_SZN @NBA @carmeloanthony @trailblazers Kobe scored 60 off of 50 shots. It ain't that deep don't hate.,2,0
1197729829438853120,Fri Nov 22 04:13:38 +0000 2019,RT @Mamba_Insider: NBA Players on Kobe Bryant üêê https://t.co/sS4xVHVUh3,0,2993
1197729696382930945,Fri Nov 22 04:13:07 +0000 2019,@JayTeeGeee @BillSimmons @TheSteinLine @chadwickboseman AND BTW AGAIN: Kobe outscored that 2006 Mavs team BY HIMSEL‚Ä¶ https://t.co/VfHqCl1DtX,0,0
1197729616238129157,Fri Nov 22 04:12:47 +0000 2019,RT @Mamba_Insider: NBA Players on Kobe Bryant üêê https://t.co/sS4xVHVUh3,0,2993
1197728935397797888,Fri Nov 22 04:10:05 +0000 2019,"James Harden has had multiple chances to get Houston to the finals his first yr with Dwight, 2017, 2018 was his bes‚Ä¶ https://t.co/JIE3cbw6rz",1,0
1197727590582226945,Fri Nov 22 04:04:44 +0000 2019,RT @Mamba_Insider: NBA Players on Kobe Bryant üêê https://t.co/sS4xVHVUh3,0,2993
1197727486093643776,Fri Nov 22 04:04:20 +0000 2019,Comparing 19 year olds not named Lebron James or Kobe Bryant to greats is always loaded to me niggas be high as hell,1,0
1197726041197993984,Fri Nov 22 03:58:35 +0000 2019,Name a better moment in the NBA when Kobe hobbled to the free throw line to shoot 2/2 at the line after tearing His Achillesüò¢,0,0
1197725799878660096,Fri Nov 22 03:57:38 +0000 2019,RT @Mamba_Insider: NBA Players on Kobe Bryant üêê https://t.co/sS4xVHVUh3,0,2993
1197724723024715777,Fri Nov 22 03:53:21 +0000 2019,@JayTeeGeee @BillSimmons @TheSteinLine @chadwickboseman PAU WAS GETTING SWEPT IN THE FIRST ROUND OR HAVING THE WORS‚Ä¶ https://t.co/H2DpwrxCRG,0,0
1197724557811101696,Fri Nov 22 03:52:41 +0000 2019,"Congrats to our All District players.
@iggyj2429 (offense MVP)
Jacob Crouch
Logan Miller (most valuable lineman)‚Ä¶ https://t.co/nBM4FrWg5r",8,1
1197723907387723781,Fri Nov 22 03:50:06 +0000 2019,@JayTeeGeee @BillSimmons @TheSteinLine @chadwickboseman KOBE: NBA RECORD 600 POINTS IN 3 CONSECUTIVE POSTSEASONS (C‚Ä¶ https://t.co/d2XqBvWz5r,0,0
1197721365987639297,Fri Nov 22 03:40:00 +0000 2019,@LABJ29 @CarmeloWRLD Y‚Äôall act like he has to be Kobe after just coming back to the nba after not playing for a year. Give him time ffs.,8,0
1197719761314078725,Fri Nov 22 03:33:38 +0000 2019,LA Lakers' Kobe Bryant finishes with 50 points in clear victory over Milwaukee Bucks. #NBA #NBA9798,0,0
1197718865222012928,Fri Nov 22 03:30:04 +0000 2019,RT @MoanKrissy: Im telling my kids this is NBA YoungBoy üòÇ https://t.co/0S6HdOk0A4,0,24690
1197717195649736704,Fri Nov 22 03:23:26 +0000 2019,#TBT - Young Kobe splits a double team from Steve Nash and Michael Finley and puts Dirk Nowitzki in the basket.‚Ä¶ https://t.co/NU4wWsGw0t,0,0
1197716863851077632,Fri Nov 22 03:22:07 +0000 2019,"RT @ComplexSports: üèÄ The Decision
üèÄ Linsanity  
üèÄ 3-1 comeback 
üèÄ Kobe's final game

Here are the top 10 NBA moments of the decade, RANKED:‚Ä¶",0,220
1197716583285764096,Fri Nov 22 03:21:00 +0000 2019,James Harden a Kobe that don‚Äôt play defense,2,0
1197715992253743105,Fri Nov 22 03:18:39 +0000 2019,RT @Mamba_Insider: NBA Players on Kobe Bryant üêê https://t.co/sS4xVHVUh3,0,2993
1197715091191484416,Fri Nov 22 03:15:04 +0000 2019,RT @Mamba_Insider: NBA Players on Kobe Bryant üêê https://t.co/sS4xVHVUh3,0,2993
1197714619491504128,Fri Nov 22 03:13:12 +0000 2019,@Phenome11 @ThrowbackHoops Lmaooo like Nelson was gon change anything. Kobe wasn‚Äôt 100% either. How u gon tell dwig‚Ä¶ https://t.co/ClZwEPPyDv,0,0
1197714199570337792,Fri Nov 22 03:11:32 +0000 2019,While LeBron James was Guarding Kobe Bryant https://t.co/APko3L3f7Y via @YouTube,0,0
1197713489537703936,Fri Nov 22 03:08:43 +0000 2019,"RT @SHOsports: 'All the Smoke' with @Matt_Barnes22 &amp; @DaTrillStak5 rolls on @kobebryant, 'Malice at the Palace' and other NBA tales via @la‚Ä¶",0,7
1197712579004551168,Fri Nov 22 03:05:05 +0000 2019,RT @Mamba_Insider: NBA Players on Kobe Bryant üêê https://t.co/sS4xVHVUh3,0,2993
1197712427556786177,Fri Nov 22 03:04:29 +0000 2019,RT @TheMcFaddenShow: Bra NBA Youngboy got the worse sauce I ever seenüòÇüòÇüòÇ https://t.co/jU0K0d0h0b,0,38565
1197712184052080640,Fri Nov 22 03:03:31 +0000 2019,RT @Mamba_Insider: NBA Players on Kobe Bryant üêê https://t.co/sS4xVHVUh3,0,2993
1197710722014146561,Fri Nov 22 02:57:43 +0000 2019,@DragonflyJonez Nope! Maybe 20-25 I'm born in 88 and Kobe Bryant is the Greatest player I've ever seen in real time‚Ä¶ https://t.co/zEox3xKxjf,0,0
1197710259730694144,Fri Nov 22 02:55:52 +0000 2019,RT @Mamba_Insider: NBA Players on Kobe Bryant üêê https://t.co/sS4xVHVUh3,0,2993
1197707655424421888,Fri Nov 22 02:45:32 +0000 2019,RT @Mamba_Insider: NBA Players on Kobe Bryant üêê https://t.co/sS4xVHVUh3,0,2993
1197706850462027776,Fri Nov 22 02:42:20 +0000 2019,"@Eisenberg43 @NBA No one: 

Marv: Jordon backing down Pippen. Fakes. Passes to Kobe who shoots over Kareem.",1,0
1197706745654710272,Fri Nov 22 02:41:55 +0000 2019,@NBA Melo had a better career than Kobe easily... he‚Äôs unguardable,0,0
1197706179016896514,Fri Nov 22 02:39:40 +0000 2019,@brkicks @BR_NBA @Giannis_An34 Looking like low cut kobe ad nxt fastfit‚Äôs üëé,0,0
1197705792968900608,Fri Nov 22 02:38:07 +0000 2019,Kyle Kuzma says Kobe Bryant told him he found his way in the NBA by watching a Bruce Lee movie. https://t.co/m81xlGvaey,0,0
1197705763923353600,Fri Nov 22 02:38:01 +0000 2019,Nigga calls himself Kobe James üòë,0,0
1197702864753299456,Fri Nov 22 02:26:29 +0000 2019,RT @Mamba_Insider: NBA Players on Kobe Bryant üêê https://t.co/sS4xVHVUh3,0,2993
1197702483386044416,Fri Nov 22 02:24:58 +0000 2019,"My Top 5 NBA players all time:

Shaq, Lebron, Nick the Quick, Kobe, Lou Williams 

Honorable mentions: Pau Gasol, Lamar Odom",6,0
1197701875874709504,Fri Nov 22 02:22:34 +0000 2019,@Cosmis It's exactly like when Kobe dropped 60 and people's takeaway was that the previous 3 years were somehow nul‚Ä¶ https://t.co/MfrO8eAgcb,3,0
1197701729787101184,Fri Nov 22 02:21:59 +0000 2019,Kobe and Lebron are the most hated niggas to come out the NBA.,1,0
1197700528286777344,Fri Nov 22 02:17:12 +0000 2019,RT @Mamba_Insider: NBA Players on Kobe Bryant üêê https://t.co/sS4xVHVUh3,0,2993
1197700413631287297,Fri Nov 22 02:16:45 +0000 2019,"NBA Fans who annoy me: think ntilikina and lonzo are busts, watch 4-5 games a season and claim all their thoughts o‚Ä¶ https://t.co/XFctyyDCJC",0,0
1197700346086223873,Fri Nov 22 02:16:29 +0000 2019,RT @Mamba_Insider: NBA Players on Kobe Bryant üêê https://t.co/sS4xVHVUh3,0,2993
1197699465240547328,Fri Nov 22 02:12:59 +0000 2019,@Deezy1994 Kobe was putting up ridiculous numbers. He was at least top 3 in the NBA. I would say 2 behind Lebron bu‚Ä¶ https://t.co/S67W7iyvlt,0,0
1197699105541148673,Fri Nov 22 02:11:33 +0000 2019,"RT @TheUndefeated: This 18-year-old speaks Mandarin, wants to own fast-food restaurants and reads Kobe Bryant‚Äôs books.

The 7-foot-1 center‚Ä¶",0,111
1197698862317572096,Fri Nov 22 02:10:35 +0000 2019,If we are going off the opinions of NBA players than that settles that Kobe is better than Lebron https://t.co/2N9CeD8O1f,0,0
1197697861586161666,Fri Nov 22 02:06:37 +0000 2019,RT @Mamba_Insider: NBA Players on Kobe Bryant üêê https://t.co/sS4xVHVUh3,0,2993
1197696362608857088,Fri Nov 22 02:00:39 +0000 2019,RT @Mamba_Insider: NBA Players on Kobe Bryant üêê https://t.co/sS4xVHVUh3,0,2993
1197695989835948032,Fri Nov 22 01:59:10 +0000 2019,RT @Mamba_Insider: NBA Players on Kobe Bryant üêê https://t.co/sS4xVHVUh3,0,2993
1197693037356318722,Fri Nov 22 01:47:26 +0000 2019,@VitaminLBJ @MorantWRLD Kobe for vlade divac is one even though the nba hooked that up,0,0
1197692797467463682,Fri Nov 22 01:46:29 +0000 2019,"@bbsketch is LEGIT talented with this LeBron Lakers art ü§©üé®üëëüíúüíõ
...
#Lakers #LakeShow #NBA #KobeBryant #Kobe #LeBron‚Ä¶ https://t.co/nmisL1KKtH",1,0
1197691848074022912,Fri Nov 22 01:42:43 +0000 2019,"RT @BleacherReport: LeBron James on Gigi Bryant: ""[Kobe's] got one of the greatest female basketball players that‚Äôs about to come up sittin‚Ä¶",0,1165
1197691391234707458,Fri Nov 22 01:40:54 +0000 2019,RT @Mamba_Insider: NBA Players on Kobe Bryant üêê https://t.co/sS4xVHVUh3,0,2993
1197690744959422464,Fri Nov 22 01:38:20 +0000 2019,RT @Mamba_Insider: NBA Players on Kobe Bryant üêê https://t.co/sS4xVHVUh3,0,2993
1197689785365733377,Fri Nov 22 01:34:31 +0000 2019,RT @Mamba_Insider: NBA Players on Kobe Bryant üêê https://t.co/sS4xVHVUh3,0,2993
1197689035810123777,Fri Nov 22 01:31:32 +0000 2019,@JayTeeGeee @BillSimmons @TheSteinLine @chadwickboseman I love how Bird and Magic ‚Äúautomatically‚Äù have to be in the‚Ä¶ https://t.co/8eD6TkLVXW,0,0
1197688051398578176,Fri Nov 22 01:27:38 +0000 2019,"RT @V_C203: Michael Jordan, Kevin Durant, and Kobe Bryant and even Prime T Mac and Melo, I‚Äôll take offensively over James Harden. This spac‚Ä¶",0,1
1197687845936390150,Fri Nov 22 01:26:49 +0000 2019,"@JayTeeGeee @BillSimmons @TheSteinLine @chadwickboseman Nobody named Jeremy knows about the NBA, sorry. MJ took 25‚Ä¶ https://t.co/jnbMtGDIIe",0,0
1197687325905555457,Fri Nov 22 01:24:45 +0000 2019,@JayTeeGeee @BillSimmons @TheSteinLine @chadwickboseman What do you want bro? Kobe is 25-11 (NBA record) vs 50 win‚Ä¶ https://t.co/eEZ9ZxGD2a,0,0
1197686645601947648,Fri Nov 22 01:22:02 +0000 2019,RT @Prime_LeBron: Here he is talking about how Phil Jackson used to send in DVDs to the league office of Kobe Bryant not getting fouled so‚Ä¶,0,9
